<application>
  <component name="AndroidLogcatFilterHistory">
    <option name="favorites">
      <list>
        <option value="level:info tag:ActivityTaskManager message:Displayed" />
        <option value="level:info tag:ActivityTaskManager message~:Fully" />
        <option value="level:info tag:OpenGLRenderer" />
        <option value="level:info tag:Choreographer" />
        <option value="level:debug message:Compositions" />
      </list>
    </option>
    <option name="mostRecentlyUsed" value="package:com.parsuomash.affogato PDF" />
    <option name="nonFavorites">
      <list>
        <option value="package:com.parsuomash.affogato PDF" />
        <option value="package:com.parsuomash.affogato TAG" />
        <option value="package:mine TAG" />
        <option value="package:mine HI" />
        <option value="package:mine  aaa" />
        <option value="package:mine  usign" />
        <option value="package:mine  GH" />
        <option value="package:mine GH" />
        <option value="package:mine usign" />
        <option value="package:mine " />
        <option value="package:com.parsuomash.affogato tag:GH" />
        <option value="package:com.parsuomash.affogato tag:TAG" />
        <option value="package:com.parsuomash.affogato " />
        <option value="package:com.example.security aaa" />
        <option value="package:com.example.security " />
        <option value="package:com.example.security tag:aaa" />
        <option value="package:com.example.security tag=:Security " />
        <option value="package:com.example.security tag:security " />
        <option value="package:mine tag:Security" />
        <option value="package:mine tag:Logger " />
      </list>
    </option>
  </component>
</application>